{"draw":0,"recordsTotal":14,"recordsFiltered":14,"data":[{"id":"297","parent_id":"0","taxonomy":"product","sort_order":"0","thumbnail":"","description":{"title":"D\u1ef1 \u00e1n","cat_id":"297","lang_code":"vi"},"seo":{"id":"1040","slug":"du-an","robots":"1","taxonomy_type":"category","taxonomy_id":"297","lang_code":"vi","meta_title":"D\u1ef1 \u00e1n","meta_keyword":"D\u1ef1 \u00e1n","meta_description":"M\u00f4 t\u1ea3 trang D\u1ef1 \u00e1n","other_link":"","is_newtab_other_link":""},"depth":"0","route_edit":"https:\/\/dainghiagroup.com\/admin\/product\/category\/297\/edit","route_remove":"https:\/\/dainghiagroup.com\/admin\/product\/category\/297","move_up":"https:\/\/dainghiagroup.com\/admin\/product\/category\/297\/move?direction=up","move_down":"https:\/\/dainghiagroup.com\/admin\/product\/category\/297\/move?direction=down","move_top":"https:\/\/dainghiagroup.com\/admin\/product\/category\/297\/move?direction=top","move_bottom":"https:\/\/dainghiagroup.com\/admin\/product\/category\/297\/move?direction=bottom"},{"id":"298","parent_id":"297","taxonomy":"product","sort_order":"0","thumbnail":"","description":{"title":"Nh\u00e0 \u0111\u1ea5t b\u00e1n","cat_id":"298","lang_code":"vi"},"seo":{"id":"1041","slug":"nha-dat-ban","robots":"1","taxonomy_type":"category","taxonomy_id":"298","lang_code":"vi","meta_title":"Nh\u00e0 \u0111\u1ea5t b\u00e1n","meta_keyword":"Nh\u00e0 \u0111\u1ea5t b\u00e1n","meta_description":"M\u00f4 t\u1ea3 trang Nh\u00e0 \u0111\u1ea5t b\u00e1n","other_link":"","is_newtab_other_link":""},"depth":"1","route_edit":"https:\/\/dainghiagroup.com\/admin\/product\/category\/298\/edit","route_remove":"https:\/\/dainghiagroup.com\/admin\/product\/category\/298","move_up":"https:\/\/dainghiagroup.com\/admin\/product\/category\/298\/move?direction=up","move_down":"https:\/\/dainghiagroup.com\/admin\/product\/category\/298\/move?direction=down","move_top":"https:\/\/dainghiagroup.com\/admin\/product\/category\/298\/move?direction=top","move_bottom":"https:\/\/dainghiagroup.com\/admin\/product\/category\/298\/move?direction=bottom"},{"id":"302","parent_id":"298","taxonomy":"product","sort_order":"0","thumbnail":"","description":{"title":"B\u00e1n c\u0103n h\u1ed9 chung c\u01b0","cat_id":"302","lang_code":"vi"},"seo":{"id":"1045","slug":"ban-can-ho-chung-cu","robots":"1","taxonomy_type":"category","taxonomy_id":"302","lang_code":"vi","meta_title":"B\u00e1n c\u0103n h\u1ed9 chung c\u01b0","meta_keyword":"B\u00e1n c\u0103n h\u1ed9 chung c\u01b0","meta_description":"M\u00f4 t\u1ea3 trang B\u00e1n c\u0103n h\u1ed9 chung c\u01b0","other_link":"","is_newtab_other_link":""},"depth":"2","route_edit":"https:\/\/dainghiagroup.com\/admin\/product\/category\/302\/edit","route_remove":"https:\/\/dainghiagroup.com\/admin\/product\/category\/302","move_up":"https:\/\/dainghiagroup.com\/admin\/product\/category\/302\/move?direction=up","move_down":"https:\/\/dainghiagroup.com\/admin\/product\/category\/302\/move?direction=down","move_top":"https:\/\/dainghiagroup.com\/admin\/product\/category\/302\/move?direction=top","move_bottom":"https:\/\/dainghiagroup.com\/admin\/product\/category\/302\/move?direction=bottom"},{"id":"303","parent_id":"298","taxonomy":"product","sort_order":"0","thumbnail":"","description":{"title":"B\u00e1n nh\u00e0 ri\u00eang","cat_id":"303","lang_code":"vi"},"seo":{"id":"1046","slug":"ban-nha-rieng","robots":"1","taxonomy_type":"category","taxonomy_id":"303","lang_code":"vi","meta_title":"B\u00e1n nh\u00e0 ri\u00eang","meta_keyword":"B\u00e1n nh\u00e0 ri\u00eang","meta_description":"M\u00f4 t\u1ea3 trang B\u00e1n nh\u00e0 ri\u00eang","other_link":"","is_newtab_other_link":""},"depth":"2","route_edit":"https:\/\/dainghiagroup.com\/admin\/product\/category\/303\/edit","route_remove":"https:\/\/dainghiagroup.com\/admin\/product\/category\/303","move_up":"https:\/\/dainghiagroup.com\/admin\/product\/category\/303\/move?direction=up","move_down":"https:\/\/dainghiagroup.com\/admin\/product\/category\/303\/move?direction=down","move_top":"https:\/\/dainghiagroup.com\/admin\/product\/category\/303\/move?direction=top","move_bottom":"https:\/\/dainghiagroup.com\/admin\/product\/category\/303\/move?direction=bottom"},{"id":"304","parent_id":"298","taxonomy":"product","sort_order":"0","thumbnail":"","description":{"title":"B\u00e1n nh\u00e0 bi\u1ec7t th\u1ef1, li\u1ec1n k\u1ec1","cat_id":"304","lang_code":"vi"},"seo":{"id":"1047","slug":"ban-nha-biet-thu-lien-ke","robots":"1","taxonomy_type":"category","taxonomy_id":"304","lang_code":"vi","meta_title":"B\u00e1n nh\u00e0 bi\u1ec7t th\u1ef1, li\u1ec1n k\u1ec1","meta_keyword":"B\u00e1n nh\u00e0 bi\u1ec7t th\u1ef1, li\u1ec1n k\u1ec1","meta_description":"M\u00f4 t\u1ea3 trang B\u00e1n nh\u00e0 bi\u1ec7t th\u1ef1, li\u1ec1n k\u1ec1","other_link":"","is_newtab_other_link":""},"depth":"2","route_edit":"https:\/\/dainghiagroup.com\/admin\/product\/category\/304\/edit","route_remove":"https:\/\/dainghiagroup.com\/admin\/product\/category\/304","move_up":"https:\/\/dainghiagroup.com\/admin\/product\/category\/304\/move?direction=up","move_down":"https:\/\/dainghiagroup.com\/admin\/product\/category\/304\/move?direction=down","move_top":"https:\/\/dainghiagroup.com\/admin\/product\/category\/304\/move?direction=top","move_bottom":"https:\/\/dainghiagroup.com\/admin\/product\/category\/304\/move?direction=bottom"},{"id":"305","parent_id":"298","taxonomy":"product","sort_order":"0","thumbnail":"","description":{"title":"B\u00e1n nh\u00e0 m\u1eb7t ph\u1ed1","cat_id":"305","lang_code":"vi"},"seo":{"id":"1048","slug":"ban-nha-mat-pho","robots":"1","taxonomy_type":"category","taxonomy_id":"305","lang_code":"vi","meta_title":"B\u00e1n nh\u00e0 m\u1eb7t ph\u1ed1","meta_keyword":"B\u00e1n nh\u00e0 m\u1eb7t ph\u1ed1","meta_description":"M\u00f4 t\u1ea3 trang B\u00e1n nh\u00e0 m\u1eb7t ph\u1ed1","other_link":"","is_newtab_other_link":""},"depth":"2","route_edit":"https:\/\/dainghiagroup.com\/admin\/product\/category\/305\/edit","route_remove":"https:\/\/dainghiagroup.com\/admin\/product\/category\/305","move_up":"https:\/\/dainghiagroup.com\/admin\/product\/category\/305\/move?direction=up","move_down":"https:\/\/dainghiagroup.com\/admin\/product\/category\/305\/move?direction=down","move_top":"https:\/\/dainghiagroup.com\/admin\/product\/category\/305\/move?direction=top","move_bottom":"https:\/\/dainghiagroup.com\/admin\/product\/category\/305\/move?direction=bottom"},{"id":"299","parent_id":"297","taxonomy":"product","sort_order":"0","thumbnail":"","description":{"title":"Nh\u00e0 \u0111\u1ea5t cho thu\u00ea","cat_id":"299","lang_code":"vi"},"seo":{"id":"1042","slug":"nha-dat-cho-thue","robots":"1","taxonomy_type":"category","taxonomy_id":"299","lang_code":"vi","meta_title":"Nh\u00e0 \u0111\u1ea5t cho thu\u00ea","meta_keyword":"Nh\u00e0 \u0111\u1ea5t cho thu\u00ea","meta_description":"M\u00f4 t\u1ea3 trang Nh\u00e0 \u0111\u1ea5t cho thu\u00ea","other_link":"","is_newtab_other_link":""},"depth":"1","route_edit":"https:\/\/dainghiagroup.com\/admin\/product\/category\/299\/edit","route_remove":"https:\/\/dainghiagroup.com\/admin\/product\/category\/299","move_up":"https:\/\/dainghiagroup.com\/admin\/product\/category\/299\/move?direction=up","move_down":"https:\/\/dainghiagroup.com\/admin\/product\/category\/299\/move?direction=down","move_top":"https:\/\/dainghiagroup.com\/admin\/product\/category\/299\/move?direction=top","move_bottom":"https:\/\/dainghiagroup.com\/admin\/product\/category\/299\/move?direction=bottom"},{"id":"306","parent_id":"299","taxonomy":"product","sort_order":"0","thumbnail":"","description":{"title":"Cho thu\u00ea c\u0103n h\u1ed9 chung c\u01b0","cat_id":"306","lang_code":"vi"},"seo":{"id":"1049","slug":"cho-thue-can-ho-chung-cu","robots":"1","taxonomy_type":"category","taxonomy_id":"306","lang_code":"vi","meta_title":"Cho thu\u00ea c\u0103n h\u1ed9 chung c\u01b0","meta_keyword":"Cho thu\u00ea c\u0103n h\u1ed9 chung c\u01b0","meta_description":"M\u00f4 t\u1ea3 trang Cho thu\u00ea c\u0103n h\u1ed9 chung c\u01b0","other_link":"","is_newtab_other_link":""},"depth":"2","route_edit":"https:\/\/dainghiagroup.com\/admin\/product\/category\/306\/edit","route_remove":"https:\/\/dainghiagroup.com\/admin\/product\/category\/306","move_up":"https:\/\/dainghiagroup.com\/admin\/product\/category\/306\/move?direction=up","move_down":"https:\/\/dainghiagroup.com\/admin\/product\/category\/306\/move?direction=down","move_top":"https:\/\/dainghiagroup.com\/admin\/product\/category\/306\/move?direction=top","move_bottom":"https:\/\/dainghiagroup.com\/admin\/product\/category\/306\/move?direction=bottom"},{"id":"307","parent_id":"299","taxonomy":"product","sort_order":"0","thumbnail":"","description":{"title":"Cho thu\u00ea nh\u00e0 ri\u00eang","cat_id":"307","lang_code":"vi"},"seo":{"id":"1050","slug":"cho-thue-nha-rieng","robots":"1","taxonomy_type":"category","taxonomy_id":"307","lang_code":"vi","meta_title":"Cho thu\u00ea nh\u00e0 ri\u00eang","meta_keyword":"Cho thu\u00ea nh\u00e0 ri\u00eang","meta_description":"M\u00f4 t\u1ea3 trang Cho thu\u00ea nh\u00e0 ri\u00eang","other_link":"","is_newtab_other_link":""},"depth":"2","route_edit":"https:\/\/dainghiagroup.com\/admin\/product\/category\/307\/edit","route_remove":"https:\/\/dainghiagroup.com\/admin\/product\/category\/307","move_up":"https:\/\/dainghiagroup.com\/admin\/product\/category\/307\/move?direction=up","move_down":"https:\/\/dainghiagroup.com\/admin\/product\/category\/307\/move?direction=down","move_top":"https:\/\/dainghiagroup.com\/admin\/product\/category\/307\/move?direction=top","move_bottom":"https:\/\/dainghiagroup.com\/admin\/product\/category\/307\/move?direction=bottom"},{"id":"308","parent_id":"299","taxonomy":"product","sort_order":"0","thumbnail":"","description":{"title":"Cho thu\u00ea nh\u00e0 m\u1eb7t ph\u1ed1","cat_id":"308","lang_code":"vi"},"seo":{"id":"1051","slug":"cho-thue-nha-mat-pho","robots":"1","taxonomy_type":"category","taxonomy_id":"308","lang_code":"vi","meta_title":"Cho thu\u00ea nh\u00e0 m\u1eb7t ph\u1ed1","meta_keyword":"Cho thu\u00ea nh\u00e0 m\u1eb7t ph\u1ed1","meta_description":"M\u00f4 t\u1ea3 trang Cho thu\u00ea nh\u00e0 m\u1eb7t ph\u1ed1","other_link":"","is_newtab_other_link":""},"depth":"2","route_edit":"https:\/\/dainghiagroup.com\/admin\/product\/category\/308\/edit","route_remove":"https:\/\/dainghiagroup.com\/admin\/product\/category\/308","move_up":"https:\/\/dainghiagroup.com\/admin\/product\/category\/308\/move?direction=up","move_down":"https:\/\/dainghiagroup.com\/admin\/product\/category\/308\/move?direction=down","move_top":"https:\/\/dainghiagroup.com\/admin\/product\/category\/308\/move?direction=top","move_bottom":"https:\/\/dainghiagroup.com\/admin\/product\/category\/308\/move?direction=bottom"},{"id":"300","parent_id":"297","taxonomy":"product","sort_order":"0","thumbnail":"","description":{"title":"C\u0103n h\u1ed9, chung c\u01b0","cat_id":"300","lang_code":"vi"},"seo":{"id":"1043","slug":"can-ho-chung-cu","robots":"1","taxonomy_type":"category","taxonomy_id":"300","lang_code":"vi","meta_title":"C\u0103n h\u1ed9, chung c\u01b0","meta_keyword":"C\u0103n h\u1ed9, chung c\u01b0","meta_description":"M\u00f4 t\u1ea3 trang C\u0103n h\u1ed9, chung c\u01b0","other_link":"","is_newtab_other_link":""},"depth":"1","route_edit":"https:\/\/dainghiagroup.com\/admin\/product\/category\/300\/edit","route_remove":"https:\/\/dainghiagroup.com\/admin\/product\/category\/300","move_up":"https:\/\/dainghiagroup.com\/admin\/product\/category\/300\/move?direction=up","move_down":"https:\/\/dainghiagroup.com\/admin\/product\/category\/300\/move?direction=down","move_top":"https:\/\/dainghiagroup.com\/admin\/product\/category\/300\/move?direction=top","move_bottom":"https:\/\/dainghiagroup.com\/admin\/product\/category\/300\/move?direction=bottom"},{"id":"301","parent_id":"297","taxonomy":"product","sort_order":"0","thumbnail":"","description":{"title":"Cao \u1ed1c v\u0103n ph\u00f2ng","cat_id":"301","lang_code":"vi"},"seo":{"id":"1044","slug":"cao-oc-van-phong","robots":"1","taxonomy_type":"category","taxonomy_id":"301","lang_code":"vi","meta_title":"Cao \u1ed1c v\u0103n ph\u00f2ng","meta_keyword":"Cao \u1ed1c v\u0103n ph\u00f2ng","meta_description":"M\u00f4 t\u1ea3 trang Cao \u1ed1c v\u0103n ph\u00f2ng","other_link":"","is_newtab_other_link":""},"depth":"1","route_edit":"https:\/\/dainghiagroup.com\/admin\/product\/category\/301\/edit","route_remove":"https:\/\/dainghiagroup.com\/admin\/product\/category\/301","move_up":"https:\/\/dainghiagroup.com\/admin\/product\/category\/301\/move?direction=up","move_down":"https:\/\/dainghiagroup.com\/admin\/product\/category\/301\/move?direction=down","move_top":"https:\/\/dainghiagroup.com\/admin\/product\/category\/301\/move?direction=top","move_bottom":"https:\/\/dainghiagroup.com\/admin\/product\/category\/301\/move?direction=bottom"},{"id":"324","parent_id":"0","taxonomy":"product","sort_order":"0","thumbnail":"\/3.png","description":{"title":"Mua b\u00e1n nh\u00e0 \u0111\u1ea5t l\u00e0o cai","cat_id":"324","lang_code":"vi"},"seo":{"id":"1102","slug":"mua-ban-nha-dat","robots":"1","taxonomy_type":"category","taxonomy_id":"324","lang_code":"vi","meta_title":"Mua b\u00e1n nh\u00e0 \u0111\u1ea5t l\u00e0o cai","meta_keyword":"mua b\u00e1n nh\u00e0 \u0111\u1ea5t l\u00e0o cai","meta_description":"\u0110\u1ea1i Ngh\u0129a Group chuy\u00ean t\u01b0 v\u1ea5n v\u00e0 mua b\u00e1n nh\u00e0 \u0111\u1ea5t t\u1ea1i th\u1ecb tr\u01b0\u1eddng L\u00e0o Cai v\u00e0 c\u00e1c khu v\u1ef1c l\u00e2n c\u1eadn kh\u00e1c c\u1ee7a t\u1ec9nh L\u00e0o Cai. V\u1edbi \u0111\u1ed9i ng\u0169 chuy\u00ean vi\u00ean \u0111\u01b0\u1ee3c \u0111\u00e0o t\u1ea1o b\u00e0i b\u1ea3n, \u0111\u1ea7y s\u1ee9c tr\u1ebb v\u00e0 nhi\u1ec7t huy\u1ebft v\u1edbi ngh\u1ec1. \u0110\u1ea1i Ngh\u0129a Group lu\u00f4n mang \u0111\u1ebfn cho kh\u00e1ch h\u00e0ng s\u1ef1 h\u00e0i l\u00f2ng. ","other_link":"","is_newtab_other_link":""},"depth":"0","route_edit":"https:\/\/dainghiagroup.com\/admin\/product\/category\/324\/edit","route_remove":"https:\/\/dainghiagroup.com\/admin\/product\/category\/324","move_up":"https:\/\/dainghiagroup.com\/admin\/product\/category\/324\/move?direction=up","move_down":"https:\/\/dainghiagroup.com\/admin\/product\/category\/324\/move?direction=down","move_top":"https:\/\/dainghiagroup.com\/admin\/product\/category\/324\/move?direction=top","move_bottom":"https:\/\/dainghiagroup.com\/admin\/product\/category\/324\/move?direction=bottom"},{"id":"325","parent_id":"0","taxonomy":"product","sort_order":"0","thumbnail":"\/2.png","description":{"title":"D\u1ef1 \u00e1n ","cat_id":"325","lang_code":"vi"},"seo":{"id":"1110","slug":"du-an-dat-nen-bao-loc","robots":"1","taxonomy_type":"category","taxonomy_id":"325","lang_code":"vi","meta_title":"D\u1ef1 \u00e1n ","meta_keyword":"d\u1ef1 \u00e1n \u0111\u1ea5t n\u1ec1n l\u00e0o cai, du an dat nen lao cai","meta_description":"D\u1ef1 \u00e1n \u0111\u1ea5t n\u1ec1n L\u00e0o Cai \u0111ang tr\u1edf th\u00e0nh xu h\u01b0\u1edbng \u0111\u1ea7u t\u01b0 m\u1edbi \u1edf t\u1ec9nh . M\u00f4i tr\u01b0\u1eddng s\u1ed1ng trong l\u00e0nh k\u1ebft h\u1ee3p v\u1edbi h\u1ea1 t\u1ea7ng giao th\u00f4ng thu\u1eadn l\u1ee3i \u0111\u00e3 gi\u00fap b\u1ea5t \u0111\u1ed9ng s\u1ea3n L\u00e0o Cai \u0111\u01b0\u1ee3c nh\u1eadn \u0111\u1ecbnh mang nhi\u1ec1u ti\u1ec1m n\u0103ng ph\u00e1t tri\u1ec3n kinh t\u1ebf trong t\u01b0\u01a1ng lai. D\u1ef1 \u00e1n \u0111\u1ea5t n\u1ec1n L\u00e0o Cai \u0111ang l\u00e0m ti\u1ec1n \u0111\u1ec1 m\u1ea1nh m\u1ebd thu h\u00fat c\u00e1c nh\u00e0 \u0111\u1ea7u t\u01b0 b\u1ea5t \u0111\u1ed9ng s\u1ea3n.","other_link":"","is_newtab_other_link":""},"depth":"0","route_edit":"https:\/\/dainghiagroup.com\/admin\/product\/category\/325\/edit","route_remove":"https:\/\/dainghiagroup.com\/admin\/product\/category\/325","move_up":"https:\/\/dainghiagroup.com\/admin\/product\/category\/325\/move?direction=up","move_down":"https:\/\/dainghiagroup.com\/admin\/product\/category\/325\/move?direction=down","move_top":"https:\/\/dainghiagroup.com\/admin\/product\/category\/325\/move?direction=top","move_bottom":"https:\/\/dainghiagroup.com\/admin\/product\/category\/325\/move?direction=bottom"}]}