{"draw":0,"recordsTotal":3,"recordsFiltered":3,"data":[{"id":"29","code":"","thumbnail":{"lazy_src":"data-isrc","img_path":"https:\/\/media.loveitopcdn.com\/34798\/thumb\/80x80\/jahi-central-home-loc-an.jpg?zc=1","class":"lazyload ","alt_content":""},"price":"0","sale_price":"0","updated_at":"2022-12-23 01:39:24","in_stock":"1","quantity":"0","allow_out_of_stock_order":"0","published_at":"2021-07-08 09:05:45","cat_id":"325","manufacturer_id":"0","is_published":"1","sort_order":"29","deleted_at":"","deleted_by":"","description":{"product_id":"29","title":"Khu d\u00e2n c\u01b0 Jahi-Central Home L\u1ed9c An"},"seo":{"id":"1080","slug":"can-ho-pearl-plaza-3-phong-ngu-tang-11","robots":"1","taxonomy_type":"product","taxonomy_id":"29","lang_code":"vi","meta_title":"\u0110\u1ea5t n\u1ec1n TRUNG T\u00c2M gi\u00e1 r\u1ebb \u1edf L\u00e2m \u0110\u1ed3ng | Jahi-Central Home L\u1ed9c An","meta_keyword":"Jahi central home l\u1ed9c an, jahi central home loc an","meta_description":"T\u1ecda l\u1ea1c ngay trung t\u00e2m x\u00e3 L\u1ed9c An, huy\u1ec7n B\u1ea3o L\u00e2m, t\u1ec9nh\u00a0L\u00e2m \u0110\u1ed3ng. Khu d\u00e2n c\u01b0 Jahi-Central Home L\u1ed9c An th\u1eeba h\u01b0\u1ee3ng tr\u1ecdn v\u1eb9n h\u1ec7 th\u1ed1ng giao th\u01b0\u01a1ng tr\u1ecdng \u0111i\u1ec3m c\u1ee7a xa L\u1ed9c An.","other_link":"","is_newtab_other_link":"0"},"category":{"id":"325","description":{"cat_id":"325","title":"D\u1ef1 \u00e1n "}},"manufacturer":"","price_formated":"0\u0111","sale_price_formated":"0\u0111","route_duplicate":"https:\/\/dainghiagroup.com\/admin\/product\/duplicate\/29","route_edit":"https:\/\/dainghiagroup.com\/admin\/product\/29\/edit","route_update":"https:\/\/dainghiagroup.com\/admin\/product\/29\/update-field","route_remove":"https:\/\/dainghiagroup.com\/admin\/product\/29","direct_add_to_cart_url":"https:\/\/dainghiagroup.com\/add-to-cart\/29","route_review":"https:\/\/dainghiagroup.com\/du-an-dat-nen-bao-loc\/can-ho-pearl-plaza-3-phong-ngu-tang-11.html","move_up":"https:\/\/dainghiagroup.com\/admin\/product\/29\/move?direction=up&amp;range=1","move_down":"https:\/\/dainghiagroup.com\/admin\/product\/29\/move?direction=down","move_top":"https:\/\/dainghiagroup.com\/admin\/product\/29\/move?direction=top","move_bottom":"https:\/\/dainghiagroup.com\/admin\/product\/29\/move?direction=bottom","is_advanced_quantity":"","published_at_formated":"08-07-2021 09:05:45","deleted_at_formated":"01-01-1970 08:00:00"},{"id":"28","code":"","thumbnail":{"lazy_src":"data-isrc","img_path":"https:\/\/media.loveitopcdn.com\/34798\/thumb\/80x80\/84-nen-lien-dam.jpg?zc=1","class":"lazyload ","alt_content":""},"price":"0","sale_price":"0","updated_at":"2022-12-22 14:49:31","in_stock":"1","quantity":"0","allow_out_of_stock_order":"0","published_at":"2021-07-08 09:04:50","cat_id":"325","manufacturer_id":"0","is_published":"1","sort_order":"28","deleted_at":"","deleted_by":"","description":{"product_id":"28","title":"Ph\u00e2n L\u00f4 84 n\u1ec1n Li\u00ean \u0110\u1ea7m, Di Linh, L\u00e2m \u0110\u1ed3ng"},"seo":{"id":"1079","slug":"ban-can-ho-3pn-o-pearl-plaza-ii","robots":"1","taxonomy_type":"product","taxonomy_id":"28","lang_code":"vi","meta_title":"Ph\u00e2n L\u00f4 84 n\u1ec1n Li\u00ean \u0110\u1ea7m, Di Linh, L\u00e2m \u0110\u1ed3ng","meta_keyword":"Ph\u00e2n l\u00f4 84 n\u1ec1n Li\u00ean \u0110\u1ea7m, phan lo 84 nen lien dam","meta_description":"V\u1edbi \u0111\u1ecba th\u1ebf c\u00f3 ti\u1ec1m n\u0103ng l\u1edbn trong t\u01b0\u01a1ng lai. D\u1ef1 \u00e1n ph\u00e2n l\u00f4 \u0111\u1ea5t n\u1ec1n v\u1edbi 84 n\u1ec1n \u1edf x\u00e3 Li\u00ean \u0110\u1ea7m, Huy\u1ec7n Di Linh, T\u1ec9nh L\u1ea7m \u0110\u1ed3ng c\u1ee7a \u0110\u1ea1i Ph\u00e1t Gold \u0111ang l\u00e0 \u0111i\u1ec3m n\u00f3ng thu h\u00fat c\u00e1c nh\u00e0 \u0111\u1ea7u t\u01b0.","other_link":"","is_newtab_other_link":"0"},"category":{"id":"325","description":{"cat_id":"325","title":"D\u1ef1 \u00e1n "}},"manufacturer":"","price_formated":"0\u0111","sale_price_formated":"0\u0111","route_duplicate":"https:\/\/dainghiagroup.com\/admin\/product\/duplicate\/28","route_edit":"https:\/\/dainghiagroup.com\/admin\/product\/28\/edit","route_update":"https:\/\/dainghiagroup.com\/admin\/product\/28\/update-field","route_remove":"https:\/\/dainghiagroup.com\/admin\/product\/28","direct_add_to_cart_url":"https:\/\/dainghiagroup.com\/add-to-cart\/28","route_review":"https:\/\/dainghiagroup.com\/du-an-dat-nen-bao-loc\/ban-can-ho-3pn-o-pearl-plaza-ii.html","move_up":"https:\/\/dainghiagroup.com\/admin\/product\/28\/move?direction=up&amp;range=1","move_down":"https:\/\/dainghiagroup.com\/admin\/product\/28\/move?direction=down","move_top":"https:\/\/dainghiagroup.com\/admin\/product\/28\/move?direction=top","move_bottom":"https:\/\/dainghiagroup.com\/admin\/product\/28\/move?direction=bottom","is_advanced_quantity":"","published_at_formated":"08-07-2021 09:04:50","deleted_at_formated":"01-01-1970 08:00:00"},{"id":"27","code":"","thumbnail":{"lazy_src":"data-isrc","img_path":"https:\/\/media.loveitopcdn.com\/34798\/thumb\/80x80\/fbbd00e42ffde1a3b8ec.jpg?zc=1","class":"lazyload ","alt_content":""},"price":"0","sale_price":"0","updated_at":"2022-12-22 14:49:34","in_stock":"1","quantity":"0","allow_out_of_stock_order":"0","published_at":"2021-07-08 09:03:38","cat_id":"297","manufacturer_id":"0","is_published":"1","sort_order":"27","deleted_at":"","deleted_by":"","description":{"product_id":"27","title":"D\u1ef1 \u00c1n Tani Villa - L\u1ed9c T\u00e2n, L\u00e2m \u0110\u1ed3ng"},"seo":{"id":"1078","slug":"can-ho-times-city-park-hill-gvd","robots":"1","taxonomy_type":"product","taxonomy_id":"27","lang_code":"vi","meta_title":"D\u1ef1 \u00c1n Tani Villa L\u1ed9c T\u00e2n, L\u00e2m \u0110\u1ed3ng  \u0111ang thu h\u00fat M\u1ea0NH nh\u00e0 \u0111\u1ea7u t\u1eeb ","meta_keyword":"d\u1ef1 \u00e1n tani villa, du an tani villa","meta_description":"D\u1ef1 \u00e1n Tani Villa L\u1ed9c T\u00e2n, L\u00e2m \u0110\u1ed3ng \u0111ang l\u00e0 d\u1ef1 \u00e1n c\u00f3 ti\u1ec1m n\u0103ng l\u1edbn thu h\u00fat nh\u00e0 \u0111\u1ea7u t\u01b0.","other_link":"","is_newtab_other_link":"0"},"category":{"id":"297","description":{"cat_id":"297","title":"D\u1ef1 \u00e1n"}},"manufacturer":"","price_formated":"0\u0111","sale_price_formated":"0\u0111","route_duplicate":"https:\/\/dainghiagroup.com\/admin\/product\/duplicate\/27","route_edit":"https:\/\/dainghiagroup.com\/admin\/product\/27\/edit","route_update":"https:\/\/dainghiagroup.com\/admin\/product\/27\/update-field","route_remove":"https:\/\/dainghiagroup.com\/admin\/product\/27","direct_add_to_cart_url":"https:\/\/dainghiagroup.com\/add-to-cart\/27","route_review":"https:\/\/dainghiagroup.com\/du-an\/can-ho-times-city-park-hill-gvd.html","move_up":"https:\/\/dainghiagroup.com\/admin\/product\/27\/move?direction=up&amp;range=1","move_down":"https:\/\/dainghiagroup.com\/admin\/product\/27\/move?direction=down","move_top":"https:\/\/dainghiagroup.com\/admin\/product\/27\/move?direction=top","move_bottom":"https:\/\/dainghiagroup.com\/admin\/product\/27\/move?direction=bottom","is_advanced_quantity":"","published_at_formated":"08-07-2021 09:03:38","deleted_at_formated":"01-01-1970 08:00:00"}]}