[{"id":2,"code":"02","name":"TP. H\u1ed3 Ch\u00ed Minh","ghtk_code":0,"ghn_code":202,"shipchung_code":52,"vtp_code":2,"postal":70000},{"id":1,"code":"01","name":"TP. H\u00e0 N\u1ed9i","ghtk_code":0,"ghn_code":201,"shipchung_code":18,"vtp_code":1,"postal":10000},{"id":50,"code":"51","name":"An Giang","ghtk_code":0,"ghn_code":217,"shipchung_code":56,"vtp_code":56,"postal":90000},{"id":51,"code":"52","name":"B\u00e0 R\u1ecba - V\u0169ng T\u00e0u","ghtk_code":0,"ghn_code":206,"shipchung_code":54,"vtp_code":53,"postal":78000},{"id":18,"code":"18","name":"B\u1eafc Giang","ghtk_code":0,"ghn_code":248,"shipchung_code":19,"vtp_code":27,"postal":26000},{"id":11,"code":"11","name":"B\u1eafc K\u1ea1n","ghtk_code":0,"ghn_code":245,"shipchung_code":6,"vtp_code":21,"postal":23000},{"id":59,"code":"60","name":"B\u1ea1c Li\u00eau","ghtk_code":0,"ghn_code":253,"shipchung_code":65,"vtp_code":62,"postal":97000},{"id":19,"code":"19","name":"B\u1eafc Ninh","ghtk_code":0,"ghn_code":249,"shipchung_code":2,"vtp_code":11,"postal":16000},{"id":55,"code":"56","name":"B\u1ebfn Tre","ghtk_code":0,"ghn_code":213,"shipchung_code":60,"vtp_code":58,"postal":86000},{"id":43,"code":"44","name":"B\u00ecnh D\u01b0\u01a1ng","ghtk_code":0,"ghn_code":205,"shipchung_code":49,"vtp_code":50,"postal":75000},{"id":36,"code":"37","name":"B\u00ecnh \u0110\u1ecbnh","ghtk_code":0,"ghn_code":262,"shipchung_code":39,"vtp_code":40,"postal":55000},{"id":42,"code":"43","name":"B\u00ecnh Ph\u01b0\u1edbc","ghtk_code":0,"ghn_code":239,"shipchung_code":45,"vtp_code":48,"postal":67000},{"id":46,"code":"47","name":"B\u00ecnh Thu\u1eadn","ghtk_code":0,"ghn_code":258,"shipchung_code":51,"vtp_code":52,"postal":77000},{"id":60,"code":"61","name":"C\u00e0 Mau","ghtk_code":0,"ghn_code":252,"shipchung_code":68,"vtp_code":63,"postal":98000},{"id":54,"code":"55","name":"C\u1ea7n Th\u01a1","ghtk_code":0,"ghn_code":220,"shipchung_code":59,"vtp_code":5,"postal":94000},{"id":6,"code":"06","name":"Cao B\u1eb1ng","ghtk_code":0,"ghn_code":246,"shipchung_code":1,"vtp_code":19,"postal":21000},{"id":39,"code":"40","name":"\u0110\u1eafk L\u1eafk","ghtk_code":0,"ghn_code":210,"shipchung_code":42,"vtp_code":45,"postal":63000},{"id":62,"code":"63","name":"\u0110\u1eafk N\u00f4ng","ghtk_code":0,"ghn_code":241,"shipchung_code":44,"vtp_code":9,"postal":65000},{"id":61,"code":"62","name":"\u0110i\u1ec7n Bi\u00ean","ghtk_code":0,"ghn_code":265,"shipchung_code":10,"vtp_code":64,"postal":32000},{"id":47,"code":"48","name":"\u0110\u1ed3ng Nai","ghtk_code":0,"ghn_code":204,"shipchung_code":50,"vtp_code":51,"postal":76000},{"id":49,"code":"50","name":"\u0110\u1ed3ng Th\u00e1p","ghtk_code":0,"ghn_code":216,"shipchung_code":57,"vtp_code":55,"postal":81000},{"id":37,"code":"38","name":"Gia Lai","ghtk_code":0,"ghn_code":207,"shipchung_code":40,"vtp_code":44,"postal":61000},{"id":5,"code":"05","name":"H\u00e0 Giang","ghtk_code":0,"ghn_code":227,"shipchung_code":3,"vtp_code":18,"postal":20000},{"id":23,"code":"24","name":"H\u00e0 Nam","ghtk_code":0,"ghn_code":232,"shipchung_code":25,"vtp_code":14,"postal":18000},{"id":29,"code":"30","name":"H\u00e0 T\u0129nh","ghtk_code":0,"ghn_code":236,"shipchung_code":31,"vtp_code":34,"postal":45000},{"id":20,"code":"21","name":"H\u1ea3i D\u01b0\u01a1ng","ghtk_code":0,"ghn_code":225,"shipchung_code":22,"vtp_code":12,"postal":3000},{"id":63,"code":"64","name":"H\u1eadu Giang","ghtk_code":0,"ghn_code":250,"shipchung_code":63,"vtp_code":8,"postal":95000},{"id":22,"code":"23","name":"H\u00f2a B\u00ecnh","ghtk_code":0,"ghn_code":267,"shipchung_code":23,"vtp_code":31,"postal":36000},{"id":21,"code":"22","name":"H\u01b0ng Y\u00ean","ghtk_code":0,"ghn_code":268,"shipchung_code":8,"vtp_code":13,"postal":17000},{"id":40,"code":"41","name":"Kh\u00e1nh H\u00f2a","ghtk_code":0,"ghn_code":208,"shipchung_code":43,"vtp_code":42,"postal":57000},{"id":53,"code":"54","name":"Ki\u00ean Giang","ghtk_code":0,"ghn_code":219,"shipchung_code":62,"vtp_code":59,"postal":91000},{"id":35,"code":"36","name":"Kon Tum","ghtk_code":0,"ghn_code":259,"shipchung_code":38,"vtp_code":43,"postal":60000},{"id":7,"code":"07","name":"Lai Ch\u00e2u","ghtk_code":0,"ghn_code":264,"shipchung_code":4,"vtp_code":29,"postal":30000},{"id":41,"code":"42","name":"L\u00e2m \u0110\u1ed3ng","ghtk_code":0,"ghn_code":209,"shipchung_code":46,"vtp_code":46,"postal":66000},{"id":10,"code":"10","name":"L\u1ea1ng S\u01a1n","ghtk_code":0,"ghn_code":247,"shipchung_code":14,"vtp_code":22,"postal":25000},{"id":8,"code":"08","name":"L\u00e0o Cai","ghtk_code":0,"ghn_code":269,"shipchung_code":5,"vtp_code":20,"postal":31000},{"id":48,"code":"49","name":"Long An","ghtk_code":0,"ghn_code":211,"shipchung_code":53,"vtp_code":54,"postal":82000},{"id":24,"code":"25","name":"Nam \u0110\u1ecbnh","ghtk_code":0,"ghn_code":231,"shipchung_code":28,"vtp_code":15,"postal":7000},{"id":28,"code":"29","name":"Ngh\u1ec7 An","ghtk_code":0,"ghn_code":235,"shipchung_code":30,"vtp_code":33,"postal":43000},{"id":26,"code":"27","name":"Ninh B\u00ecnh","ghtk_code":0,"ghn_code":233,"shipchung_code":27,"vtp_code":17,"postal":8000},{"id":44,"code":"45","name":"Ninh Thu\u1eadn","ghtk_code":0,"ghn_code":261,"shipchung_code":47,"vtp_code":47,"postal":59000},{"id":15,"code":"15","name":"Ph\u00fa Th\u1ecd","ghtk_code":0,"ghn_code":229,"shipchung_code":17,"vtp_code":26,"postal":35000},{"id":38,"code":"39","name":"Ph\u00fa Y\u00ean","ghtk_code":0,"ghn_code":260,"shipchung_code":9,"vtp_code":41,"postal":56000},{"id":30,"code":"31","name":"Qu\u1ea3ng B\u00ecnh","ghtk_code":0,"ghn_code":237,"shipchung_code":32,"vtp_code":35,"postal":47000},{"id":33,"code":"34","name":"Qu\u1ea3ng Nam","ghtk_code":0,"ghn_code":243,"shipchung_code":36,"vtp_code":38,"postal":51000},{"id":34,"code":"35","name":"Qu\u1ea3ng Ng\u00e3i","ghtk_code":0,"ghn_code":242,"shipchung_code":37,"vtp_code":39,"postal":53000},{"id":17,"code":"17","name":"Qu\u1ea3ng Ninh","ghtk_code":0,"ghn_code":230,"shipchung_code":20,"vtp_code":28,"postal":1000},{"id":31,"code":"32","name":"Qu\u1ea3ng Tr\u1ecb","ghtk_code":0,"ghn_code":238,"shipchung_code":33,"vtp_code":36,"postal":48000},{"id":58,"code":"59","name":"S\u00f3c Tr\u0103ng","ghtk_code":0,"ghn_code":218,"shipchung_code":13,"vtp_code":61,"postal":96000},{"id":14,"code":"14","name":"S\u01a1n La","ghtk_code":0,"ghn_code":266,"shipchung_code":16,"vtp_code":30,"postal":34000},{"id":45,"code":"46","name":"T\u00e2y Ninh","ghtk_code":0,"ghn_code":240,"shipchung_code":48,"vtp_code":49,"postal":80000},{"id":25,"code":"26","name":"Th\u00e1i B\u00ecnh","ghtk_code":0,"ghn_code":226,"shipchung_code":26,"vtp_code":16,"postal":6000},{"id":12,"code":"12","name":"Th\u00e1i Nguy\u00ean","ghtk_code":0,"ghn_code":244,"shipchung_code":12,"vtp_code":25,"postal":24000},{"id":27,"code":"28","name":"Thanh H\u00f3a","ghtk_code":0,"ghn_code":234,"shipchung_code":29,"vtp_code":32,"postal":40000},{"id":32,"code":"33","name":"Th\u1eeba Thi\u00ean - Hu\u1ebf","ghtk_code":0,"ghn_code":223,"shipchung_code":34,"vtp_code":37,"postal":49000},{"id":52,"code":"53","name":"Ti\u1ec1n Giang","ghtk_code":0,"ghn_code":212,"shipchung_code":58,"vtp_code":6,"postal":84000},{"id":4,"code":"04","name":"TP. \u0110\u00e0 N\u1eb5ng","ghtk_code":0,"ghn_code":203,"shipchung_code":35,"vtp_code":4,"postal":50000},{"id":3,"code":"03","name":"TP. H\u1ea3i Ph\u00f2ng","ghtk_code":0,"ghn_code":224,"shipchung_code":24,"vtp_code":3,"postal":4000},{"id":57,"code":"58","name":"Tr\u00e0 Vinh","ghtk_code":0,"ghn_code":214,"shipchung_code":64,"vtp_code":60,"postal":87000},{"id":9,"code":"09","name":"Tuy\u00ean Quang","ghtk_code":0,"ghn_code":228,"shipchung_code":7,"vtp_code":23,"postal":22000},{"id":56,"code":"57","name":"V\u0129nh Long","ghtk_code":0,"ghn_code":215,"shipchung_code":61,"vtp_code":57,"postal":85000},{"id":16,"code":"16","name":"V\u0129nh Ph\u00fac","ghtk_code":0,"ghn_code":221,"shipchung_code":15,"vtp_code":10,"postal":15000},{"id":13,"code":"13","name":"Y\u00ean B\u00e1i","ghtk_code":0,"ghn_code":263,"shipchung_code":11,"vtp_code":24,"postal":33000}]