{"draw":1,"recordsTotal":3,"recordsFiltered":3,"data":[{"id":"29","code":"","thumbnail":"\/jahi-central-home-loc-an.jpg","title":"Khu d\u00e2n c\u01b0 Jahi-Central Home L\u1ed9c An","price":"0","in_stock":"1","quantity":"0","allow_out_of_stock_order":"0","discount":"","shipping":{"id":"166","product_id":"29","weight":"0","length":"0","width":"0","height":"0"},"module":"","is_in_stock":"1","is_stock_manager":"0","DT_RowAttr":{"data-id":"29","data-title":"Khu d\u00e2n c\u01b0 Jahi-Central Home L\u1ed9c An","data-thumbnail":"\/jahi-central-home-loc-an.jpg","data-price":"0"}},{"id":"28","code":"","thumbnail":"\/84-nen-lien-dam.jpg","title":"Ph\u00e2n L\u00f4 84 n\u1ec1n Li\u00ean \u0110\u1ea7m, Di Linh, L\u00e2m \u0110\u1ed3ng","price":"0","in_stock":"1","quantity":"0","allow_out_of_stock_order":"0","discount":"","shipping":{"id":"165","product_id":"28","weight":"0","length":"0","width":"0","height":"0"},"module":"","is_in_stock":"1","is_stock_manager":"0","DT_RowAttr":{"data-id":"28","data-title":"Ph\u00e2n L\u00f4 84 n\u1ec1n Li\u00ean \u0110\u1ea7m, Di Linh, L\u00e2m \u0110\u1ed3ng","data-thumbnail":"\/84-nen-lien-dam.jpg","data-price":"0"}},{"id":"27","code":"","thumbnail":"\/fbbd00e42ffde1a3b8ec.jpg","title":"D\u1ef1 \u00c1n Tani Villa - L\u1ed9c T\u00e2n, L\u00e2m \u0110\u1ed3ng","price":"0","in_stock":"1","quantity":"0","allow_out_of_stock_order":"0","discount":"","shipping":{"id":"164","product_id":"27","weight":"0","length":"0","width":"0","height":"0"},"module":"","is_in_stock":"1","is_stock_manager":"0","DT_RowAttr":{"data-id":"27","data-title":"D\u1ef1 \u00c1n Tani Villa - L\u1ed9c T\u00e2n, L\u00e2m \u0110\u1ed3ng","data-thumbnail":"\/fbbd00e42ffde1a3b8ec.jpg","data-price":"0"}}]}